GameID,HomeTeam,AwayTeam,PredictedWinner,ActualWinner,CorrectPrediction
0,15,35,15,15,True
1,3,36,3,3,True
2,0,14,0,14,False
3,33,5,33,33,True
4,37,11,37,37,True
5,25,13,25,25,True
6,39,16,16,16,True
7,24,31,31,31,True
8,17,32,32,17,False
9,21,42,21,42,False
10,43,30,43,30,False
11,19,34,19,19,True
12,2,41,41,41,True
13,6,19,6,6,True
14,3,29,3,29,False
15,30,14,14,14,True
16,26,23,26,26,True
17,16,43,16,16,True
18,36,17,36,36,True
19,21,0,0,0,True
20,5,24,5,5,True
21,11,32,11,32,False
22,33,15,15,15,True
23,31,41,31,41,False
24,34,37,37,34,False
25,6,37,6,6,True
26,30,13,30,30,True
27,14,21,14,14,True
28,2,34,2,2,True
29,15,24,15,15,True
30,35,25,35,35,True
31,41,19,41,19,False
32,39,26,26,26,True
33,42,3,3,3,True
34,31,14,14,14,True
35,32,11,32,32,True
36,25,23,25,25,True
37,29,36,29,29,True
38,5,2,5,5,True
39,16,17,16,16,True
40,43,0,0,0,True
41,33,42,33,33,True
42,34,6,6,6,True
43,29,43,29,29,True
44,26,30,26,26,True
45,13,25,13,13,True
46,15,32,15,15,True
47,31,30,31,31,True
48,39,24,24,24,True
49,14,36,14,36,False
50,37,17,37,37,True
51,5,35,5,5,True
52,3,0,3,0,False
53,21,2,21,2,False
54,35,32,32,32,True
55,23,33,23,33,False
56,19,6,19,19,True
57,26,17,26,17,False
58,34,5,5,34,False
59,29,16,29,16,False
60,43,3,3,43,False
61,41,39,41,41,True
62,25,21,25,25,True
63,36,11,36,36,True
64,13,42,13,42,False
65,24,30,24,24,True
66,15,19,15,15,True
67,2,37,37,2,False
68,0,16,0,0,True
69,25,29,29,29,True
70,23,26,26,23,False
71,33,31,33,33,True
72,17,0,0,17,False
73,11,3,3,3,True
74,36,14,14,14,True
75,6,35,6,35,False
76,34,41,41,41,True
77,21,43,21,43,False
78,14,29,14,29,False
79,26,32,26,26,True
80,2,30,2,2,True
81,39,15,15,15,True
82,5,42,5,5,True
83,24,23,24,24,True
84,37,6,37,37,True
85,16,13,16,16,True
86,11,2,11,11,True
87,33,30,33,30,False
88,19,42,19,42,False
89,25,3,3,3,True
90,17,43,17,17,True
91,35,36,36,36,True
92,6,24,6,6,True
93,16,31,16,16,True
94,29,5,29,29,True
95,41,37,41,41,True
96,39,36,36,36,True
97,0,21,0,0,True
98,23,32,23,32,False
99,25,42,25,25,True
100,30,21,30,30,True
101,17,11,17,11,False
102,15,26,15,26,False
103,34,13,34,34,True
104,3,43,3,3,True
105,29,3,29,29,True
106,43,5,5,43,False
107,16,33,16,33,False
108,35,34,35,35,True
109,26,6,26,26,True
110,24,13,24,13,False
111,23,19,23,23,True
112,0,11,0,0,True
113,37,39,37,37,True
114,14,32,14,32,False
115,41,36,41,41,True
116,30,17,30,17,False
117,42,0,0,0,True
118,31,6,31,6,False
119,2,21,2,21,False
120,3,30,3,3,True
121,16,29,16,29,False
122,19,35,19,19,True
123,14,5,14,14,True
124,24,36,36,36,True
125,41,33,41,33,False
126,23,15,15,15,True
127,39,37,37,39,False
128,21,17,21,17,False
129,37,19,37,19,False
130,2,25,2,2,True
131,6,23,6,6,True
132,13,29,29,29,True
133,43,34,43,34,False
134,32,14,14,14,True
135,31,36,31,36,False
136,42,5,42,5,False
137,26,39,26,26,True
138,33,35,33,33,True
139,0,43,0,0,True
140,13,17,13,13,True
141,16,24,16,24,False
142,15,41,15,15,True
143,3,42,3,3,True
144,14,31,14,14,True
145,5,16,16,5,False
146,36,25,36,25,False
147,37,24,37,37,True
148,21,19,19,21,False
149,29,34,29,29,True
150,32,39,32,32,True
151,35,11,35,35,True
152,31,26,26,26,True
153,15,33,15,15,True
154,3,6,3,6,False
155,13,41,41,41,True
156,17,34,17,17,True
157,39,23,23,39,False
158,37,15,15,37,False
159,24,21,24,24,True
160,19,11,19,19,True
161,42,43,42,42,True
162,30,14,14,14,True
163,35,5,5,35,False
164,26,2,26,26,True
165,33,0,33,0,False
166,16,32,16,16,True
167,29,25,29,25,False
168,23,35,23,23,True
169,31,2,31,31,True
170,36,6,36,6,False
171,13,39,13,13,True
172,32,3,32,32,True
173,41,26,41,41,True
174,19,0,0,0,True
175,16,34,16,16,True
176,17,14,14,14,True
177,30,29,29,29,True
178,37,43,37,43,False
179,11,25,11,25,False
180,42,33,33,33,True
181,21,3,3,21,False
182,15,5,15,15,True
183,25,13,25,25,True
184,24,11,24,24,True
185,39,43,43,39,False
186,2,0,0,0,True
187,29,6,29,29,True
188,23,31,23,31,False
189,21,41,41,21,False
190,32,36,32,32,True
191,5,19,5,19,False
192,30,33,33,30,False
193,35,26,26,35,False
194,34,3,3,3,True
195,16,37,16,37,False
196,42,36,36,42,False
197,17,6,6,6,True
198,23,43,23,23,True
199,2,24,2,2,True
200,39,31,31,39,False
201,29,33,29,29,True
202,5,32,32,32,True
203,13,19,19,19,True
204,37,0,0,0,True
205,41,25,41,25,False
206,14,11,14,14,True
207,42,6,6,42,False
208,35,3,35,35,True
209,17,16,16,17,False
210,26,21,26,21,False
211,32,33,32,33,False
212,5,31,5,5,True
213,34,19,19,19,True
214,0,17,0,0,True
215,39,25,25,25,True
216,37,26,26,26,True
217,30,16,16,30,False
218,24,43,24,43,False
219,15,3,15,15,True
220,41,14,14,14,True
221,36,42,36,36,True
222,11,29,29,29,True
223,21,13,21,21,True
224,2,33,33,33,True
225,17,0,0,0,True
226,24,23,24,23,False
227,37,34,37,37,True
228,42,16,16,16,True
229,3,21,3,3,True
230,36,26,36,36,True
231,25,31,25,31,False
232,30,32,32,32,True
233,43,13,43,13,False
234,39,6,6,6,True
235,5,29,29,5,False
236,19,14,14,14,True
237,35,41,41,35,False
238,15,11,15,15,True
239,0,13,0,0,True
240,41,35,41,41,True
241,31,25,31,25,False
242,16,5,16,16,True
243,23,14,14,14,True
244,43,42,42,42,True
245,37,29,29,37,False
246,17,26,26,17,False
247,3,32,3,32,False
248,39,15,15,15,True
249,24,2,24,2,False
250,11,21,11,11,True
251,34,30,30,30,True
252,35,16,16,16,True
253,23,30,23,23,True
254,25,41,25,41,False
255,31,19,31,19,False
256,33,39,33,33,True
257,13,36,36,36,True
258,0,26,0,0,True
259,36,32,36,36,True
260,14,24,14,24,False
261,21,17,21,21,True
262,34,29,29,34,False
263,2,15,15,2,False
264,41,5,41,5,False
265,43,26,26,43,False
266,13,35,13,35,False
267,42,31,42,31,False
268,33,25,33,33,True
269,19,5,19,5,False
270,11,14,14,14,True
271,16,23,16,16,True
272,3,37,3,3,True
273,6,17,6,17,False
274,41,11,41,41,True
275,15,29,15,29,False
276,36,31,36,31,False
277,34,2,2,2,True
278,0,32,0,32,False
279,25,24,25,25,True
280,21,29,29,29,True
281,33,17,33,33,True
282,26,5,26,5,False
283,19,30,19,19,True
284,39,24,24,24,True
285,42,32,32,32,True
286,6,15,15,6,False
287,35,13,35,35,True
288,14,23,14,14,True
289,0,43,0,0,True
290,41,13,41,13,False
291,11,6,6,11,False
292,39,19,19,19,True
293,33,26,33,33,True
294,36,42,36,36,True
295,2,34,2,2,True
296,3,31,3,3,True
297,25,17,25,25,True
298,16,21,16,16,True
299,35,30,35,35,True
300,5,24,5,24,False
301,29,37,29,37,False
302,6,3,6,3,False
303,21,25,25,25,True
304,26,16,16,16,True
305,11,41,41,41,True
306,34,23,23,23,True
307,17,36,36,36,True
308,0,37,0,0,True
309,33,15,33,15,False
310,39,42,42,42,True
311,2,14,14,14,True
312,32,19,32,32,True
313,5,6,5,5,True
314,25,39,25,25,True
315,36,43,36,36,True
316,31,35,31,35,False
317,13,14,14,14,True
318,23,24,23,24,False
319,43,37,37,37,True
320,26,31,26,26,True
321,32,17,32,32,True
322,34,42,42,34,False
323,2,3,2,2,True
324,41,5,41,41,True
325,24,19,19,19,True
326,29,0,0,0,True
327,35,15,15,15,True
328,11,30,11,30,False
329,25,3,25,25,True
330,33,13,33,33,True
331,23,42,23,23,True
332,36,0,0,0,True
333,6,14,14,6,False
334,21,39,21,39,False
335,41,24,41,41,True
336,11,37,37,11,False
337,19,33,19,33,False
338,16,32,16,32,False
339,2,26,2,26,False
340,13,5,5,5,True
341,15,31,15,15,True
342,17,43,17,43,False
343,30,35,30,35,False
344,36,30,36,36,True
345,32,11,32,32,True
346,15,41,15,15,True
347,29,21,29,29,True
348,14,34,14,14,True
349,37,3,37,37,True
350,23,2,23,23,True
351,24,42,24,42,False
352,25,0,0,25,False
353,6,31,6,6,True
354,17,35,35,35,True
355,13,0,0,0,True
356,16,19,16,16,True
357,43,21,43,21,False
358,5,39,5,39,False
359,37,41,37,37,True
360,32,34,32,32,True
361,29,3,29,29,True
362,11,42,11,11,True
363,33,2,33,33,True
364,30,17,30,30,True
365,31,23,31,31,True
366,6,13,6,13,False
367,15,25,15,15,True
368,43,35,35,43,False
369,21,0,0,0,True
370,3,16,16,3,False
371,26,24,26,24,False
372,24,29,29,29,True
373,25,15,15,25,False
374,14,19,14,14,True
375,34,17,34,34,True
376,23,41,41,23,False
377,36,16,36,36,True
378,39,33,33,33,True
379,31,37,31,31,True
380,11,5,5,5,True
381,32,30,32,32,True
382,21,37,37,21,False
383,42,3,3,42,False
384,43,14,14,14,True
385,2,6,2,2,True
386,0,35,0,0,True
387,19,41,19,19,True
388,33,26,33,26,False
389,6,2,6,2,False
390,25,30,25,30,False
391,36,11,36,36,True
392,23,5,5,23,False
393,39,17,39,17,False
394,32,21,32,32,True
395,24,34,24,24,True
396,31,29,29,29,True
397,16,43,16,16,True
398,13,32,32,32,True
399,15,17,15,15,True
400,26,41,26,41,False
401,0,3,0,0,True
402,5,37,5,37,False
403,42,35,42,42,True
404,23,29,29,23,False
405,11,30,11,11,True
406,24,33,33,33,True
407,25,36,25,36,False
408,39,34,39,39,True
409,14,21,14,14,True
410,31,19,19,19,True
411,6,5,6,6,True
412,13,43,13,13,True
413,42,11,42,42,True
414,16,26,16,26,False
415,37,23,37,37,True
416,33,34,33,33,True
417,31,24,31,24,False
418,0,36,0,0,True
419,41,17,41,41,True
420,25,19,25,19,False
421,32,14,32,14,False
422,35,37,35,35,True
423,30,3,30,30,True
424,2,15,15,15,True
425,39,21,21,21,True
426,29,42,29,29,True
427,6,23,6,23,False
428,21,16,16,16,True
429,43,32,32,32,True
430,15,2,15,15,True
431,5,25,5,25,False
432,3,11,3,11,False
433,36,30,36,30,False
434,26,13,26,13,False
435,37,19,37,19,False
436,34,0,0,0,True
437,31,17,31,31,True
438,29,14,14,29,False
439,35,24,35,35,True
440,29,11,29,11,False
441,19,16,19,16,False
442,15,34,15,15,True
443,3,14,14,14,True
444,24,17,24,24,True
445,41,6,41,41,True
446,2,23,2,2,True
447,36,33,36,33,False
448,43,39,43,43,True
449,42,26,42,26,False
450,13,30,13,30,False
451,21,31,21,21,True
452,25,32,32,25,False
453,5,0,0,0,True
454,15,0,0,15,False
455,35,19,19,19,True
456,17,29,29,17,False
457,16,13,16,16,True
458,14,6,14,14,True
459,5,15,15,5,False
460,6,37,6,6,True
461,29,42,29,42,False
462,13,26,26,13,False
463,34,41,41,34,False
464,24,25,25,24,False
465,32,43,32,32,True
466,23,2,23,23,True
467,30,39,30,30,True
468,3,33,33,33,True
469,21,11,21,21,True
470,19,25,19,19,True
471,11,32,32,32,True
472,17,36,36,36,True
473,31,16,16,16,True
474,26,35,26,26,True
475,14,43,14,14,True
476,21,29,29,21,False
477,42,13,42,42,True
478,24,41,41,41,True
479,3,30,3,3,True
480,23,37,23,23,True
481,0,33,0,0,True
482,5,2,5,2,False
483,6,34,6,6,True
484,41,31,41,41,True
485,43,33,33,43,False
486,36,39,36,36,True
487,17,11,17,11,False
488,25,16,16,25,False
489,15,19,15,15,True
490,14,3,14,14,True
491,0,11,0,0,True
492,37,6,37,37,True
493,19,31,19,19,True
494,21,35,21,21,True
495,23,34,23,23,True
496,32,29,32,32,True
497,13,2,2,13,False
498,26,5,26,26,True
499,42,39,42,39,False
500,41,15,15,15,True
501,32,35,32,32,True
502,30,25,25,25,True
503,16,29,16,16,True
504,6,2,6,2,False
505,36,43,36,36,True
506,31,5,31,5,False
507,17,33,33,33,True
508,13,3,13,3,False
509,26,14,14,26,False
510,37,24,37,37,True
511,2,16,16,2,False
512,35,24,35,24,False
513,29,43,29,29,True
514,34,36,36,36,True
515,32,23,32,32,True
516,6,41,41,6,False
517,15,21,15,15,True
518,0,42,0,0,True
519,11,23,23,11,False
520,5,37,5,37,False
521,43,31,43,43,True
522,17,25,25,17,False
523,42,30,42,30,False
524,14,33,14,14,True
525,39,13,13,39,False
526,19,36,19,19,True
527,24,26,24,26,False
528,41,16,41,41,True
529,15,6,15,6,False
530,0,3,0,0,True
531,30,31,30,31,False
532,29,25,29,29,True
533,35,2,2,2,True
534,3,17,3,3,True
535,42,14,14,14,True
536,33,36,33,33,True
537,37,34,37,37,True
538,32,16,32,32,True
539,5,41,41,5,False
540,11,43,11,43,False
541,21,26,26,26,True
542,24,32,32,32,True
543,34,15,15,15,True
544,19,39,19,19,True
545,23,13,23,23,True
546,2,35,2,35,False
547,17,31,17,17,True
548,0,25,0,25,False
549,30,29,29,29,True
550,16,42,16,16,True
551,19,21,19,19,True
552,13,36,36,36,True
553,14,41,14,14,True
554,37,35,37,37,True
555,11,26,26,26,True
556,6,33,33,6,False
557,34,39,34,39,False
558,43,15,15,15,True
559,2,23,2,23,False
560,17,24,17,17,True
561,33,32,33,32,False
562,30,0,0,0,True
563,29,31,29,29,True
564,25,36,25,25,True
565,3,5,3,5,False
566,6,16,16,16,True
567,13,11,13,13,True
568,35,21,35,21,False
569,23,6,23,23,True
570,14,2,14,2,False
571,30,5,30,30,True
572,34,26,26,26,True
573,32,41,32,32,True
574,17,3,3,3,True
575,36,15,15,36,False
576,0,31,0,0,True
577,33,19,33,33,True
578,16,25,16,16,True
579,39,35,35,39,False
580,19,23,19,19,True
581,29,24,29,29,True
582,3,15,15,3,False
583,13,32,32,13,False
584,42,37,37,42,False
585,34,21,21,21,True
586,43,11,11,11,True
587,35,6,35,35,True
588,14,17,14,14,True
589,0,5,0,0,True
590,33,34,33,33,True
591,39,41,41,39,False
592,30,15,15,15,True
593,36,5,36,36,True
594,13,16,16,13,False
595,26,19,26,19,False
596,32,25,32,25,False
597,3,24,3,24,False
598,2,31,2,2,True
599,36,24,36,36,True
600,43,14,14,43,False
601,29,17,29,29,True
602,23,39,23,23,True
603,6,21,6,6,True
604,11,13,11,11,True
605,34,32,32,32,True
606,25,6,25,6,False
607,17,5,5,5,True
608,26,2,26,26,True
609,30,16,16,16,True
610,33,35,33,33,True
611,37,21,37,37,True
612,0,15,0,0,True
613,29,16,29,29,True
614,43,36,36,36,True
615,42,24,42,42,True
616,35,26,26,26,True
617,2,39,2,39,False
618,19,41,19,19,True
619,23,3,23,23,True
620,31,32,32,31,False
621,6,11,6,11,False
622,14,13,14,14,True
623,17,42,42,42,True
624,34,33,33,33,True
625,32,2,32,32,True
626,0,16,0,0,True
627,30,37,37,37,True
628,39,33,33,39,False
629,21,24,21,21,True
630,5,26,26,5,False
631,23,25,23,23,True
632,19,35,19,35,False
633,41,3,41,41,True
634,31,11,31,31,True
635,29,13,29,13,False
636,15,43,15,15,True
637,35,23,23,23,True
638,14,42,14,14,True
639,25,30,25,25,True
640,11,36,36,36,True
641,17,37,37,17,False
642,41,33,33,41,False
643,24,2,2,24,False
644,21,34,21,34,False
645,26,6,26,26,True
646,32,0,0,0,True
647,39,3,3,39,False
648,6,30,6,6,True
649,36,37,36,36,True
650,35,43,35,43,False
651,31,2,2,31,False
652,19,3,19,3,False
653,5,23,23,5,False
654,25,32,32,32,True
655,42,29,29,42,False
656,15,14,15,14,False
657,26,39,26,26,True
658,41,34,41,41,True
659,13,42,13,13,True
660,11,17,11,11,True
661,24,0,0,0,True
662,33,43,33,43,False
663,26,29,26,29,False
664,36,16,36,16,False
665,37,35,37,35,False
666,21,15,15,21,False
667,2,32,32,2,False
668,5,30,5,30,False
669,31,0,0,31,False
670,41,23,41,23,False
671,34,14,14,14,True
672,23,19,23,23,True
673,43,13,43,13,False
674,42,36,36,42,False
675,39,29,29,39,False
676,24,6,6,6,True
677,33,14,14,14,True
678,6,26,6,26,False
679,11,35,11,11,True
680,19,32,32,19,False
681,3,17,3,3,True
682,2,39,2,39,False
683,15,30,15,30,False
684,34,31,31,31,True
685,21,16,16,16,True
686,41,0,0,0,True
687,25,33,25,25,True
688,13,37,13,37,False
689,16,11,16,16,True
690,36,17,36,36,True
691,42,43,42,42,True
692,3,25,25,3,False
693,39,32,32,32,True
694,33,2,33,33,True
695,35,41,41,35,False
696,15,34,15,15,True
697,21,14,14,21,False
698,26,23,26,23,False
699,19,24,19,19,True
700,6,31,6,31,False
701,37,30,37,37,True
702,43,42,42,42,True
703,41,30,41,30,False
704,2,19,19,19,True
705,31,5,31,31,True
706,13,34,13,13,True
707,36,25,36,25,False
708,0,29,0,0,True
709,37,32,32,37,False
710,15,16,15,15,True
711,14,11,14,11,False
712,21,23,23,23,True
713,3,0,0,0,True
714,6,39,6,6,True
715,26,35,26,26,True
716,33,24,33,24,False
717,31,34,31,31,True
718,43,25,25,25,True
719,11,15,15,11,False
720,39,30,39,39,True
721,13,24,13,13,True
722,19,5,19,19,True
723,3,41,3,3,True
724,23,35,23,23,True
725,33,21,33,33,True
726,14,16,14,14,True
727,32,30,32,32,True
728,17,42,42,17,False
729,0,41,0,0,True
730,16,6,16,6,False
731,19,33,19,19,True
732,15,13,15,15,True
733,31,26,31,31,True
734,34,35,35,35,True
735,43,29,29,29,True
736,24,37,37,37,True
737,5,21,5,5,True
738,11,39,11,11,True
739,42,25,25,25,True
740,36,2,36,36,True
741,29,0,0,0,True
742,32,26,32,26,False
743,23,17,23,23,True
744,14,39,14,14,True
745,30,43,30,43,False
746,16,25,16,16,True
747,5,13,5,5,True
748,24,33,33,24,False
749,34,37,37,37,True
750,32,6,32,32,True
751,42,2,42,42,True
752,19,17,19,19,True
753,3,11,3,11,False
754,13,25,25,25,True
755,37,5,37,37,True
756,36,41,36,36,True
757,43,2,43,2,False
758,31,39,31,31,True
759,26,24,26,26,True
760,23,21,23,23,True
761,30,0,0,30,False
762,14,42,14,14,True
763,35,15,15,15,True
764,34,33,33,33,True
765,19,29,19,19,True
766,16,3,16,16,True
767,42,11,42,42,True
768,25,14,14,25,False
769,30,6,30,6,False
770,21,43,21,21,True
771,13,31,13,31,False
772,26,36,26,36,False
773,37,16,37,37,True
774,5,39,5,5,True
775,23,15,23,15,False
776,35,17,35,17,False
777,33,29,33,33,True
778,41,34,41,41,True
779,32,24,32,32,True
780,11,3,11,3,False
781,37,15,15,15,True
782,13,33,33,13,False
783,30,19,19,30,False
784,21,36,36,36,True
785,5,17,5,5,True
786,2,31,2,31,False
787,0,6,0,0,True
788,26,42,26,26,True
789,25,43,25,25,True
790,35,29,29,29,True
791,34,23,23,23,True
792,39,14,14,14,True
793,16,15,15,16,False
794,41,32,32,32,True
795,24,39,24,39,False
796,11,36,36,11,False
797,3,19,19,19,True
798,23,37,23,23,True
799,35,42,42,42,True
800,13,21,13,21,False
801,43,6,6,43,False
802,2,17,2,17,False
803,30,26,26,30,False
804,34,31,31,31,True
805,5,14,14,14,True
806,25,0,0,0,True
807,37,2,37,2,False
808,36,19,36,19,False
809,39,31,31,39,False
810,32,43,32,32,True
811,11,24,11,11,True
812,41,29,29,29,True
813,15,42,15,15,True
814,16,0,0,0,True
815,13,6,13,13,True
816,35,14,14,35,False
817,33,5,33,5,False
818,30,21,30,30,True
819,34,25,25,25,True
820,2,5,2,2,True
821,11,19,19,19,True
822,36,29,36,29,False
823,3,26,3,26,False
824,42,0,0,42,False
825,37,14,14,14,True
826,23,16,23,23,True
827,41,39,41,39,False
828,43,21,43,21,False
829,31,24,31,24,False
830,17,30,30,30,True
831,6,33,33,6,False
832,13,15,15,15,True
833,34,2,2,2,True
834,25,21,25,21,False
835,15,37,15,15,True
836,24,14,14,14,True
837,5,11,5,5,True
838,19,39,19,19,True
839,42,13,42,13,False
840,33,41,33,33,True
841,43,17,43,43,True
842,16,35,16,16,True
843,29,26,29,29,True
844,36,3,36,36,True
845,32,31,32,31,False
846,0,30,0,0,True
847,37,23,23,23,True
848,6,19,19,6,False
849,30,42,30,30,True
850,15,35,15,15,True
851,24,3,3,3,True
852,0,29,0,0,True
853,21,32,32,32,True
854,5,41,5,5,True
855,42,34,42,42,True
856,33,19,19,33,False
857,13,11,13,13,True
858,26,31,26,31,False
859,29,14,14,14,True
860,16,17,16,16,True
861,39,23,23,39,False
862,37,25,25,37,False
863,2,36,36,36,True
864,6,43,6,6,True
865,15,6,15,6,False
866,31,37,31,31,True
867,32,13,32,32,True
868,30,41,30,41,False
869,24,26,26,24,False
870,35,39,35,35,True
871,0,34,0,0,True
872,11,21,11,11,True
873,33,3,33,33,True
874,29,41,29,29,True
875,23,36,23,36,False
876,42,25,25,25,True
877,2,43,2,2,True
878,16,21,16,16,True
879,17,14,14,14,True
880,5,19,19,19,True
881,32,37,32,37,False
882,15,2,15,15,True
883,19,26,19,26,False
884,11,31,31,11,False
885,35,33,33,33,True
886,30,13,30,13,False
887,39,0,0,0,True
888,25,43,25,25,True
889,17,41,41,41,True
890,5,3,5,5,True
891,16,36,16,16,True
892,6,42,6,42,False
893,23,0,0,23,False
894,14,37,14,14,True
895,36,13,36,13,False
896,21,5,5,21,False
897,2,42,2,42,False
898,33,23,33,23,False
899,24,35,24,35,False
900,31,39,31,31,True
901,29,32,29,32,False
902,26,11,26,26,True
903,30,34,30,34,False
904,19,15,19,19,True
905,43,41,41,43,False
906,3,16,16,3,False
907,6,0,0,6,False
908,26,15,15,15,True
909,39,35,39,39,True
910,24,31,31,24,False
911,17,19,19,19,True
912,43,16,16,43,False
913,23,33,23,33,False
914,36,34,36,36,True
915,21,14,14,14,True
916,2,29,29,2,False
917,11,25,25,11,False
918,6,29,6,29,False
919,42,41,42,41,False
920,31,15,15,31,False
921,14,13,14,14,True
922,32,25,32,32,True
923,39,5,39,5,False
924,3,34,3,3,True
925,2,33,33,2,False
926,35,0,0,0,True
927,23,24,23,23,True
928,43,19,19,43,False
929,26,37,26,37,False
930,30,36,36,36,True
931,17,21,21,21,True
932,11,16,16,11,False
933,39,2,2,2,True
934,24,35,24,35,False
935,5,6,5,5,True
936,15,31,15,31,False
937,41,37,41,41,True
938,29,19,29,29,True
939,36,21,36,36,True
940,25,34,25,34,False
941,14,32,14,14,True
942,42,30,42,42,True
943,26,0,0,0,True
944,43,23,23,23,True
945,16,3,16,3,False
946,11,17,11,11,True
947,26,34,26,26,True
948,32,36,32,36,False
949,14,30,14,14,True
950,42,23,23,23,True
951,21,33,33,33,True
952,2,35,2,2,True
953,24,6,6,24,False
954,13,29,29,13,False
955,0,19,0,19,False
956,31,41,31,31,True
957,37,5,37,37,True
958,43,17,43,17,False
959,3,39,3,3,True
960,25,29,25,29,False
961,5,15,15,5,False
962,16,14,14,16,False
963,2,37,2,2,True
964,42,19,19,42,False
965,41,24,41,41,True
966,6,32,32,32,True
967,13,0,0,13,False
968,26,33,26,26,True
969,11,34,11,11,True
970,30,23,23,23,True
971,2,13,2,2,True
972,30,42,42,42,True
973,11,43,11,43,False
974,24,15,15,15,True
975,41,21,41,21,False
976,14,0,14,14,True
977,31,33,31,31,True
978,29,39,29,29,True
979,5,35,5,5,True
980,3,23,23,23,True
981,25,26,25,26,False
982,16,36,16,16,True
983,43,3,3,3,True
984,19,6,19,19,True
985,37,31,31,37,False
986,34,35,35,34,False
987,17,39,17,39,False
988,32,15,32,32,True
989,14,26,14,14,True
990,13,23,23,13,False
991,42,17,42,42,True
992,33,11,33,33,True
993,30,24,30,30,True
994,36,29,36,36,True
995,25,2,25,25,True
996,41,6,41,6,False
997,0,39,0,0,True
998,34,16,16,16,True
999,15,5,15,15,True
1000,35,37,37,35,False
1001,21,3,3,21,False
1002,23,11,23,11,False
1003,6,25,6,25,False
1004,31,21,31,31,True
1005,32,17,32,32,True
1006,14,3,14,3,False
1007,43,30,43,30,False
1008,37,41,37,37,True
1009,29,2,29,2,False
1010,5,36,36,36,True
1011,19,13,19,19,True
1012,42,29,42,42,True
1013,15,36,15,15,True
1014,0,24,0,0,True
1015,33,16,33,16,False
1016,26,25,26,25,False
1017,35,34,35,34,False
1018,39,11,11,39,False
1019,23,6,23,23,True
1020,34,19,19,19,True
1021,17,2,2,2,True
1022,21,32,32,21,False
1023,31,13,31,31,True
1024,5,33,5,33,False
1025,43,24,43,24,False
1026,25,14,14,25,False
1027,29,15,29,29,True
1028,42,32,32,32,True
1029,16,30,16,16,True
1030,6,36,36,6,False
1031,0,2,0,0,True
1032,26,3,26,3,False
1033,41,23,23,41,False
1034,33,37,33,33,True
1035,5,43,5,5,True
1036,14,30,14,14,True
1037,21,13,21,21,True
1038,31,3,31,3,False
1039,39,19,19,39,False
1040,17,15,15,15,True
1041,34,11,11,11,True
1042,29,35,29,29,True
1043,37,36,36,37,False
1044,19,23,19,19,True
1045,41,26,41,41,True
1046,16,0,0,0,True
1047,32,42,32,32,True
1048,24,39,24,24,True
1049,33,6,33,33,True
1050,21,25,25,21,False
1051,11,0,0,0,True
1052,3,2,3,2,False
1053,34,5,5,34,False
1054,13,14,14,14,True
1055,17,29,29,29,True
1056,31,43,31,31,True
1057,24,41,41,41,True
1058,6,5,6,6,True
1059,23,26,23,23,True
1060,42,15,15,42,False
1061,16,39,16,16,True
1062,19,37,19,19,True
1063,30,2,2,2,True
1064,36,35,36,36,True
1065,31,33,31,33,False
1066,34,43,34,34,True
1067,11,29,29,11,False
1068,3,35,3,3,True
1069,14,25,14,14,True
1070,0,30,0,0,True
1071,24,5,5,24,False
1072,2,26,2,2,True
1073,19,43,19,19,True
1074,37,42,37,42,False
1075,23,34,23,23,True
1076,32,21,32,32,True
1077,6,39,6,39,False
1078,17,13,13,17,False
1079,41,15,15,15,True
1080,11,33,33,33,True
1081,29,36,29,29,True
1082,15,23,15,23,False
1083,3,13,3,3,True
1084,14,35,14,14,True
1085,42,21,42,21,False
1086,41,43,41,41,True
1087,37,39,37,37,True
1088,19,31,19,19,True
1089,29,30,29,30,False
1090,2,6,2,6,False
1091,26,34,26,34,False
1092,17,3,3,3,True
1093,32,16,32,32,True
1094,0,25,0,0,True
1095,30,25,25,30,False
1096,36,21,36,36,True
1097,14,15,14,14,True
1098,11,16,16,16,True
1099,33,24,33,33,True
1100,35,5,5,35,False
1101,5,31,31,31,True
1102,37,13,37,13,False
1103,17,23,23,23,True
1104,32,0,0,0,True
1105,26,43,26,26,True
1106,3,42,3,3,True
1107,34,39,39,39,True
1108,41,2,41,2,False
1109,24,16,16,16,True
1110,21,11,21,21,True
1111,30,36,36,36,True
1112,25,37,25,25,True
1113,35,31,31,31,True
1114,39,26,39,26,False
1115,19,2,19,2,False
1116,29,23,29,29,True
1117,33,41,33,41,False
1118,14,0,14,0,False
1119,43,29,29,29,True
1120,5,34,5,5,True
1121,6,15,15,6,False
1122,3,32,32,3,False
1123,13,17,13,13,True
1124,2,5,2,2,True
1125,0,32,0,0,True
1126,21,30,21,21,True
1127,31,35,31,35,False
1128,19,24,19,19,True
1129,25,11,25,25,True
1130,33,37,33,33,True
1131,15,39,15,15,True
1132,16,14,14,14,True
1133,41,42,41,41,True
1134,36,23,36,36,True
1135,29,17,29,29,True
1136,34,24,34,34,True
1137,3,43,3,3,True
1138,6,26,6,6,True
1139,13,30,13,30,False
1140,17,25,25,17,False
1141,0,23,0,0,True
1142,14,36,14,14,True
1143,35,19,19,19,True
1144,33,39,33,33,True
1145,16,41,16,41,False
1146,21,6,21,6,False
1147,2,11,2,11,False
1148,31,42,31,42,False
1149,15,37,15,15,True
1150,43,32,32,32,True
1151,34,26,26,34,False
1152,13,3,3,13,False
1153,36,3,36,36,True
1154,15,24,15,15,True
1155,0,13,0,0,True
1156,30,11,30,30,True
1157,37,33,33,37,False
1158,21,42,21,42,False
1159,16,2,16,16,True
1160,23,41,23,23,True
1161,35,6,6,35,False
1162,39,34,39,34,False
1163,14,25,14,14,True
1164,25,16,25,16,False
1165,19,15,19,15,False
1166,32,42,32,32,True
1167,14,17,14,17,False
1168,43,0,0,0,True
1169,5,33,33,33,True
1170,41,31,41,31,False
1171,29,11,29,29,True
1172,37,2,37,37,True
1173,39,6,6,6,True
1174,26,19,19,26,False
1175,24,34,24,24,True
1176,3,13,3,3,True
1177,35,23,23,23,True
1178,15,26,15,26,False
1179,43,16,16,43,False
1180,17,30,30,17,False
1181,42,21,42,42,True
1182,25,35,25,25,True
1183,11,14,14,14,True
1184,33,31,33,33,True
1185,36,13,36,36,True
1186,32,5,32,5,False
1187,14,29,14,29,False
1188,34,6,6,34,False
1189,0,21,0,0,True
1190,23,31,23,31,False
1191,24,37,37,37,True
1192,3,36,3,3,True
1193,41,19,19,19,True
1194,39,2,2,2,True
1195,30,32,32,32,True
1196,43,11,11,43,False
1197,26,15,15,26,False
1198,42,16,42,16,False
1199,17,13,13,17,False
1200,35,33,33,33,True
1201,25,5,25,5,False
1202,6,24,6,6,True
1203,19,34,19,19,True
1204,2,41,2,2,True
1205,5,23,23,23,True
1206,31,15,31,31,True
1207,39,37,37,37,True
1208,0,36,0,36,False
1209,3,14,14,3,False
1210,29,32,29,29,True
1211,26,41,26,26,True
1212,30,43,30,30,True
1213,17,21,21,17,False
1214,13,16,16,16,True
1215,11,42,42,42,True
1216,35,39,35,35,True
1217,37,26,37,37,True
1218,6,34,6,6,True
1219,15,33,15,33,False
1220,24,5,5,24,False
1221,29,30,29,29,True
1222,19,2,19,19,True
1223,16,42,16,42,False
1224,36,14,14,36,False
1225,31,23,31,31,True
1226,0,17,0,0,True
1227,25,11,25,11,False
1228,32,13,32,32,True
1229,3,21,3,21,False
1230,14,25,14,14,True
1231,15,37,15,15,True
1232,29,36,29,36,False
1233,33,2,33,2,False
1234,19,6,19,6,False
1235,32,16,32,32,True
1236,0,3,0,0,True
1237,23,26,23,23,True
1238,14,25,14,14,True
1239,15,37,15,15,True
1240,33,2,33,33,True
1241,29,36,29,29,True
1242,19,6,19,6,False
1243,0,3,0,0,True
1244,32,16,32,32,True
1245,23,26,23,23,True
1246,37,15,37,15,False
1247,2,33,33,2,False
1248,25,14,14,25,False
1249,16,32,32,16,False
1250,6,19,6,19,False
1251,36,29,36,29,False
1252,25,14,14,25,False
1253,3,0,0,0,True
1254,26,23,23,26,False
1255,2,33,2,33,False
1256,37,15,15,15,True
1257,16,32,32,32,True
1258,36,29,36,36,True
1259,6,19,6,19,False
1260,26,23,23,26,False
1261,33,2,33,33,True
1262,3,0,0,0,True
1263,32,16,32,32,True
1264,29,36,29,36,False
1265,14,25,14,14,True
1266,19,6,19,19,True
1267,23,26,23,23,True
1268,2,33,33,33,True
1269,25,14,14,14,True
1270,26,23,23,23,True
1271,36,29,36,29,False
1272,6,19,19,19,True
1273,19,23,19,19,True
1274,29,36,29,36,False
1275,14,32,14,32,False
1276,15,33,15,15,True
1277,19,23,19,19,True
1278,0,36,0,0,True
1279,14,32,14,14,True
1280,15,33,15,15,True
1281,23,19,19,23,False
1282,0,36,0,0,True
1283,32,14,32,14,False
1284,33,15,33,15,False
1285,36,0,0,0,True
1286,23,19,23,23,True
1287,33,15,33,15,False
1288,32,14,32,32,True
1289,36,0,0,0,True
1290,14,32,14,14,True
1291,19,23,19,19,True
1292,32,14,32,14,False
1293,23,19,23,23,True
1294,0,14,0,0,True
1295,19,23,19,19,True
1296,0,14,0,0,True
1297,19,15,19,15,False
1298,19,15,19,15,False
1299,14,0,0,0,True
1300,15,19,15,19,False
1301,14,0,0,0,True
1302,15,19,15,15,True
1303,19,15,15,15,True
1304,0,15,0,0,True
1305,0,15,0,0,True
1306,15,0,0,0,True
1307,15,0,0,15,False
1308,0,15,0,0,True
1309,0,32,0,32,False
1310,15,19,15,15,True
1311,25,21,25,25,True
1312,19,2,19,2,False
1313,5,41,5,5,True
1314,43,3,3,3,True
1315,24,31,31,24,False
1316,36,42,36,36,True
1317,14,13,14,14,True
1318,23,39,23,23,True
1319,11,26,11,26,False
1320,37,34,37,37,True
1321,30,32,32,32,True
1322,16,35,16,16,True
1323,33,6,33,33,True
1324,17,29,29,29,True
1325,23,5,23,23,True
1326,34,24,34,34,True
1327,11,30,11,30,False
1328,39,19,19,19,True
1329,43,17,43,17,False
1330,21,0,0,0,True
1331,13,36,36,13,False
1332,2,15,15,15,True
1333,41,26,41,41,True
1334,37,3,37,3,False
1335,32,11,32,32,True
1336,33,39,33,33,True
1337,25,0,0,25,False
1338,2,3,2,2,True
1339,29,43,29,29,True
1340,15,24,15,24,False
1341,35,5,35,5,False
1342,6,14,14,14,True
1343,36,16,36,36,True
1344,42,30,42,42,True
1345,31,37,31,31,True
1346,17,21,21,21,True
1347,34,26,26,34,False
1348,16,13,16,13,False
1349,31,26,31,31,True
1350,43,30,30,43,False
1351,42,23,42,23,False
1352,11,0,0,0,True
1353,14,33,14,14,True
1354,32,25,32,25,False
1355,2,41,2,2,True
1356,5,39,5,39,False
1357,29,36,29,29,True
1358,19,35,19,19,True
1359,3,21,3,3,True
1360,15,6,15,15,True
1361,24,34,24,24,True
1362,13,37,13,37,False
1363,5,13,5,5,True
1364,31,14,14,14,True
1365,0,33,0,0,True
1366,34,15,15,34,False
1367,41,42,42,41,False
1368,43,36,36,43,False
1369,11,25,25,11,False
1370,16,37,16,16,True
1371,17,23,23,17,False
1372,39,32,32,32,True
1373,30,21,30,21,False
1374,3,29,3,29,False
1375,6,26,6,6,True
1376,25,11,25,25,True
1377,2,19,2,19,False
1378,41,32,32,32,True
1379,17,33,33,33,True
1380,35,34,35,35,True
1381,24,14,14,24,False
1382,13,16,16,13,False
1383,26,42,26,42,False
1384,0,23,0,0,True
1385,25,32,32,25,False
1386,6,16,6,16,False
1387,21,15,15,21,False
1388,36,17,36,36,True
1389,31,19,31,19,False
1390,29,5,29,5,False
1391,11,39,11,39,False
1392,3,43,3,3,True
1393,41,24,41,41,True
1394,0,5,0,5,False
1395,37,14,14,37,False
1396,30,23,23,23,True
1397,26,2,2,2,True
1398,34,42,42,42,True
1399,15,35,15,35,False
1400,3,33,3,33,False
1401,29,0,0,0,True
1402,35,42,42,35,False
1403,21,24,21,24,False
1404,32,39,32,39,False
1405,19,14,19,19,True
1406,31,13,31,13,False
1407,36,11,36,36,True
1408,25,41,25,41,False
1409,34,43,34,43,False
1410,37,30,37,37,True
1411,17,5,5,17,False
1412,2,16,2,16,False
1413,23,43,23,43,False
1414,15,37,15,37,False
1415,36,3,36,36,True
1416,29,11,29,29,True
1417,21,13,21,13,False
1418,41,2,41,41,True
1419,35,32,32,32,True
1420,39,26,39,39,True
1421,42,33,42,42,True
1422,19,30,19,19,True
1423,31,6,31,31,True
1424,25,24,25,24,False
1425,14,0,0,0,True
1426,3,17,3,3,True
1427,16,19,16,19,False
1428,39,37,37,39,False
1429,14,41,14,14,True
1430,17,34,17,17,True
1431,24,6,24,6,False
1432,5,2,5,5,True
1433,42,31,42,42,True
1434,35,43,35,35,True
1435,23,15,23,15,False
1436,36,33,36,33,False
1437,11,21,21,21,True
1438,26,32,32,32,True
1439,42,0,0,0,True
1440,13,11,13,13,True
1441,29,25,29,25,False
1442,6,21,6,21,False
1443,5,30,5,5,True
1444,13,41,13,13,True
1445,32,36,32,32,True
1446,35,37,37,35,False
1447,3,16,3,3,True
1448,15,26,15,26,False
1449,33,23,33,23,False
1450,17,25,25,17,False
1451,14,43,14,14,True
1452,29,31,29,31,False
1453,24,19,19,19,True
1454,43,34,43,34,False
1455,26,19,19,19,True
1456,0,31,0,0,True
1457,30,16,16,30,False
1458,35,41,35,35,True
1459,42,34,42,42,True
1460,33,6,33,33,True
1461,15,2,15,15,True
1462,37,21,37,21,False
1463,23,11,23,11,False
1464,14,29,14,14,True
1465,36,39,36,39,False
1466,3,25,3,25,False
1467,19,17,19,19,True
1468,0,13,0,0,True
1469,5,37,5,5,True
1470,24,35,24,24,True
1471,43,31,31,31,True
1472,42,16,42,42,True
1473,30,39,30,30,True
1474,23,17,23,23,True
1475,32,15,32,32,True
1476,33,21,33,33,True
1477,5,26,5,5,True
1478,36,31,36,31,False
1479,19,41,19,19,True
1480,43,24,24,24,True
1481,3,34,3,34,False
1482,6,37,6,37,False
1483,14,2,14,2,False
1484,16,29,16,16,True
1485,43,13,13,43,False
1486,14,6,14,14,True
1487,42,24,42,42,True
1488,21,29,21,21,True
1489,0,39,0,0,True
1490,35,30,35,35,True
1491,23,26,23,23,True
1492,2,17,2,2,True
1493,36,34,36,36,True
1494,11,15,15,15,True
1495,32,25,32,32,True
1496,16,11,16,16,True
1497,37,32,32,32,True
1498,5,31,5,5,True
1499,19,33,19,19,True
1500,23,30,23,23,True
1501,35,15,15,15,True
1502,21,26,21,21,True
1503,2,25,2,2,True
1504,0,24,0,0,True
1505,3,42,3,3,True
1506,43,17,43,17,False
1507,29,39,29,39,False
1508,36,13,36,13,False
1509,11,14,14,14,True
1510,32,33,32,33,False
1511,34,19,19,19,True
1512,2,5,2,2,True
1513,3,24,3,3,True
1514,41,15,15,15,True
1515,21,33,33,33,True
1516,13,14,14,13,False
1517,35,36,36,35,False
1518,16,6,16,16,True
1519,25,37,25,37,False
1520,26,30,26,26,True
1521,31,23,31,23,False
1522,17,39,17,39,False
1523,43,32,32,32,True
1524,19,0,0,19,False
1525,30,3,3,30,False
1526,11,13,13,13,True
1527,23,31,23,31,False
1528,33,35,33,33,True
1529,42,21,42,42,True
1530,15,29,15,15,True
1531,14,16,14,14,True
1532,6,41,6,6,True
1533,37,5,37,37,True
1534,17,43,17,43,False
1535,34,36,36,34,False
1536,3,30,3,3,True
1537,39,0,0,0,True
1538,11,2,2,11,False
1539,24,36,24,36,False
1540,41,29,29,41,False
1541,26,19,19,19,True
1542,25,32,32,32,True
1543,31,37,31,37,False
1544,17,42,42,17,False
1545,43,6,6,43,False
1546,13,5,13,5,False
1547,34,0,0,0,True
1548,33,23,33,33,True
1549,21,16,21,21,True
1550,11,19,19,19,True
1551,35,29,35,35,True
1552,24,37,37,37,True
1553,2,23,2,23,False
1554,30,42,42,42,True
1555,25,3,25,3,False
1556,41,13,41,41,True
1557,39,36,39,39,True
1558,14,26,14,14,True
1559,5,15,5,15,False
1560,17,6,17,17,True
1561,21,14,14,21,False
1562,31,19,19,31,False
1563,36,6,36,36,True
1564,15,34,15,15,True
1565,32,42,32,32,True
1566,35,33,33,35,False
1567,41,23,23,41,False
1568,39,3,3,39,False
1569,13,24,13,13,True
1570,16,0,0,16,False
1571,43,2,2,2,True
1572,26,29,29,29,True
1573,30,17,30,30,True
1574,25,11,25,11,False
1575,26,35,35,26,False
1576,34,3,3,3,True
1577,16,5,16,5,False
1578,43,21,21,21,True
1579,37,33,33,37,False
1580,19,24,19,19,True
1581,0,6,0,0,True
1582,13,31,13,31,False
1583,15,41,15,15,True
1584,42,25,42,42,True
1585,41,14,14,14,True
1586,0,21,0,0,True
1587,36,2,36,36,True
1588,30,29,29,29,True
1589,26,33,33,33,True
1590,23,3,23,3,False
1591,37,19,19,19,True
1592,39,24,39,39,True
1593,32,35,32,32,True
1594,11,16,16,11,False
1595,13,43,13,13,True
1596,25,34,25,34,False
1597,6,31,31,31,True
1598,19,5,19,5,False
1599,35,3,3,3,True
1600,32,34,32,32,True
1601,37,24,37,37,True
1602,0,30,0,30,False
1603,14,11,14,14,True
1604,39,15,15,15,True
1605,29,17,29,29,True
1606,36,42,36,36,True
1607,30,2,2,2,True
1608,15,31,15,15,True
1609,13,23,13,23,False
1610,6,43,6,43,False
1611,32,37,32,32,True
1612,14,25,14,14,True
1613,39,23,23,39,False
1614,5,43,5,5,True
1615,21,13,21,13,False
1616,17,0,0,0,True
1617,35,31,31,35,False
1618,33,41,33,33,True
1619,24,16,16,24,False
1620,11,34,11,34,False
1621,3,2,3,2,False
1622,42,6,42,42,True
1623,19,39,19,19,True
1624,29,36,29,36,False
1625,26,15,15,15,True
1626,23,5,23,23,True
1627,6,30,6,30,False
1628,16,13,16,16,True
1629,25,14,14,14,True
1630,36,21,36,36,True
1631,31,41,31,31,True
1632,33,37,33,33,True
1633,24,0,0,0,True
1634,3,21,3,21,False
1635,11,29,29,11,False
1636,34,26,34,26,False
1637,19,43,19,19,True
1638,42,17,42,42,True
1639,2,30,2,2,True
1640,15,25,15,15,True
1641,39,5,39,39,True
1642,31,0,0,0,True
1643,16,14,14,16,False
1644,17,32,32,32,True
1645,35,24,35,24,False
1646,13,29,13,13,True
1647,26,34,26,34,False
1648,6,15,15,15,True
1649,11,42,42,11,False
1650,39,43,39,43,False
1651,41,24,41,41,True
1652,19,2,19,19,True
1653,21,0,0,0,True
1654,14,5,14,14,True
1655,36,23,36,36,True
1656,37,35,37,37,True
1657,25,13,13,25,False
1658,3,23,3,23,False
1659,16,36,16,16,True
1660,33,43,33,33,True
1661,29,13,29,13,False
1662,41,0,0,0,True
1663,14,31,14,14,True
1664,37,6,37,37,True
1665,2,5,2,2,True
1666,24,26,24,24,True
1667,19,11,19,19,True
1668,21,42,21,21,True
1669,15,30,15,15,True
1670,35,25,35,35,True
1671,43,23,23,23,True
1672,36,32,32,32,True
1673,39,17,39,17,False
1674,34,16,16,34,False
1675,41,6,41,6,False
1676,24,42,42,42,True
1677,37,15,15,37,False
1678,25,33,33,33,True
1679,2,11,2,2,True
1680,21,30,21,30,False
1681,5,0,0,0,True
1682,14,19,14,14,True
1683,43,14,14,14,True
1684,3,32,32,32,True
1685,25,16,16,16,True
1686,6,35,35,6,False
1687,41,17,41,17,False
1688,26,24,26,26,True
1689,2,36,2,2,True
1690,29,23,23,29,False
1691,34,31,31,31,True
1692,15,39,15,15,True
1693,13,11,13,13,True
1694,21,39,21,21,True
1695,35,26,35,35,True
1696,30,33,33,33,True
1697,5,19,19,19,True
1698,37,42,37,37,True
1699,25,31,31,31,True
1700,6,19,19,6,False
1701,32,21,32,32,True
1702,16,41,16,41,False
1703,0,3,0,0,True
1704,29,33,33,29,False
1705,15,26,15,15,True
1706,5,42,5,42,False
1707,35,17,35,35,True
1708,30,43,30,30,True
1709,11,14,14,11,False
1710,34,23,23,34,False
1711,13,39,13,39,False
1712,19,42,19,19,True
1713,23,25,23,23,True
1714,43,33,33,33,True
1715,6,36,36,6,False
1716,21,2,21,21,True
1717,24,29,29,29,True
1718,31,3,31,3,False
1719,37,16,37,16,False
1720,32,41,32,32,True
1721,13,30,13,13,True
1722,15,17,15,15,True
1723,34,35,34,35,False
1724,0,11,0,0,True
1725,26,5,5,5,True
1726,23,29,23,23,True
1727,42,21,42,42,True
1728,19,36,19,36,False
1729,37,5,37,5,False
1730,2,6,2,6,False
1731,41,31,31,31,True
1732,39,16,39,16,False
1733,32,14,32,32,True
1734,24,3,3,3,True
1735,25,26,25,25,True
1736,33,34,33,33,True
1737,32,2,32,32,True
1738,41,3,3,3,True
1739,31,29,31,31,True
1740,14,11,14,14,True
1741,15,36,15,15,True
1742,13,43,13,43,False
1743,35,16,35,35,True
1744,25,19,19,19,True
1745,5,24,5,5,True
1746,34,37,37,37,True
1747,33,30,33,33,True
1748,23,15,15,15,True
1749,37,19,19,19,True
1750,17,0,0,0,True
1751,41,35,41,41,True
1752,13,3,13,13,True
1753,16,42,16,16,True
1754,11,43,11,43,False
1755,26,31,31,26,False
1756,32,36,32,32,True
1757,14,29,14,14,True
1758,6,39,6,6,True
1759,2,15,15,2,False
1760,39,30,39,30,False
1761,23,21,23,23,True
1762,29,43,29,29,True
1763,19,31,19,31,False
1764,41,33,33,33,True
1765,16,36,16,16,True
1766,42,13,42,13,False
1767,3,14,14,14,True
1768,34,30,34,30,False
1769,11,5,5,11,False
1770,32,17,32,17,False
1771,0,25,0,0,True
1772,6,24,6,6,True
1773,26,37,37,37,True
1774,43,25,43,43,True
1775,39,33,33,33,True
1776,36,14,14,36,False
1777,15,6,15,15,True
1778,35,19,19,35,False
1779,32,29,32,29,False
1780,2,41,2,2,True
1781,16,26,16,16,True
1782,31,11,31,31,True
1783,24,21,21,21,True
1784,3,42,3,42,False
1785,5,35,5,5,True
1786,0,17,0,0,True
1787,34,23,23,34,False
1788,33,39,33,33,True
1789,26,11,26,26,True
1790,0,42,0,42,False
1791,23,24,23,23,True
1792,41,2,2,41,False
1793,37,34,37,37,True
1794,17,3,3,3,True
1795,30,14,14,14,True
1796,19,6,19,19,True
1797,43,13,13,13,True
1798,25,29,29,25,False
1799,36,16,36,16,False
1800,31,21,31,21,False
1801,17,13,13,13,True
1802,16,32,32,16,False
1803,0,15,0,0,True
1804,35,39,35,39,False
1805,19,23,19,23,False
1806,29,30,29,29,True
1807,43,25,43,43,True
1808,31,24,31,31,True
1809,5,37,5,5,True
1810,14,34,14,14,True
1811,42,36,42,42,True
1812,11,33,33,11,False
1813,2,6,2,6,False
1814,0,36,0,0,True
1815,17,25,17,25,False
1816,13,42,13,13,True
1817,26,23,23,26,False
1818,16,33,33,16,False
1819,30,15,15,30,False
1820,21,34,21,21,True
1821,41,19,19,19,True
1822,6,35,6,6,True
1823,37,11,37,11,False
1824,3,39,3,3,True
1825,14,35,14,14,True
1826,24,5,5,24,False
1827,19,32,19,19,True
1828,2,13,2,2,True
1829,23,32,32,23,False
1830,21,11,21,11,False
1831,31,34,31,34,False
1832,33,26,33,33,True
1833,0,41,0,41,False
1834,6,37,6,6,True
1835,17,29,29,29,True
1836,30,43,30,43,False
1837,16,2,16,2,False
1838,26,3,3,26,False
1839,24,31,31,31,True
1840,21,35,21,35,False
1841,0,25,0,0,True
1842,36,15,15,36,False
1843,42,39,42,39,False
1844,5,14,14,5,False
1845,30,25,30,25,False
1846,23,6,23,23,True
1847,19,34,19,19,True
1848,16,11,16,11,False
1849,43,39,39,39,True
1850,37,13,37,13,False
1851,32,17,32,32,True
1852,29,41,29,29,True
1853,34,24,34,34,True
1854,13,17,13,13,True
1855,33,2,33,33,True
1856,6,3,6,3,False
1857,29,25,29,29,True
1858,15,3,15,15,True
1859,30,41,41,41,True
1860,35,14,14,14,True
1861,43,26,43,43,True
1862,2,37,2,2,True
1863,11,0,0,0,True
1864,24,32,32,32,True
1865,42,43,42,42,True
1866,34,13,13,34,False
1867,19,15,19,19,True
1868,36,21,36,21,False
1869,17,16,16,16,True
1870,23,35,23,23,True
1871,31,5,31,31,True
1872,39,14,14,39,False
1873,6,33,33,33,True
1874,29,16,29,16,False
1875,32,0,0,0,True
1876,11,6,11,6,False
1877,42,36,42,42,True
1878,25,23,23,23,True
1879,14,43,14,14,True
1880,2,33,33,33,True
1881,19,13,19,19,True
1882,31,35,31,31,True
1883,3,26,3,3,True
1884,39,5,39,39,True
1885,17,41,41,41,True
1886,5,32,32,5,False
1887,13,21,13,13,True
1888,23,2,23,2,False
1889,29,0,0,0,True
1890,34,19,19,19,True
1891,30,42,42,30,False
1892,37,6,37,37,True
1893,24,15,15,15,True
1894,3,14,14,3,False
1895,11,35,11,35,False
1896,43,16,16,43,False
1897,31,36,31,31,True
1898,17,26,17,17,True
1899,30,14,14,14,True
1900,37,2,37,37,True
1901,21,5,21,21,True
1902,13,15,15,13,False
1903,34,33,33,33,True
1904,29,26,29,29,True
1905,6,32,32,32,True
1906,0,42,0,0,True
1907,16,3,16,3,False
1908,11,24,11,11,True
1909,17,30,17,17,True
1910,33,31,33,31,False
1911,23,36,23,36,False
1912,37,31,37,31,False
1913,32,3,32,32,True
1914,0,29,0,29,False
1915,35,6,35,6,False
1916,2,24,2,2,True
1917,42,26,42,26,False
1918,41,11,41,11,False
1919,34,5,5,5,True
1920,13,16,13,13,True
1921,25,21,21,25,False
1922,30,29,29,29,True
1923,17,14,14,17,False
1924,39,19,19,19,True
1925,33,15,33,33,True
1926,23,24,23,23,True
1927,2,0,0,0,True
1928,42,25,42,42,True
1929,21,3,21,21,True
1930,43,32,32,32,True
1931,26,34,26,34,False
1932,37,15,15,37,False
1933,13,35,13,13,True
1934,41,36,41,41,True
1935,29,30,29,29,True
1936,6,5,5,6,False
1937,33,0,0,0,True
1938,23,34,23,23,True
1939,11,17,11,17,False
1940,14,42,14,14,True
1941,41,16,16,16,True
1942,35,21,21,21,True
1943,13,3,13,13,True
1944,31,2,31,31,True
1945,43,37,37,37,True
1946,5,41,5,41,False
1947,6,31,31,6,False
1948,39,33,33,39,False
1949,16,30,16,16,True
1950,36,37,36,37,False
1951,34,35,34,35,False
1952,29,32,32,29,False
1953,26,14,14,26,False
1954,23,2,23,2,False
1955,25,17,25,25,True
1956,15,0,0,0,True
1957,24,13,13,24,False
1958,3,43,3,3,True
1959,42,11,42,42,True
1960,19,21,19,21,False
1961,2,31,2,31,False
1962,41,23,23,41,False
1963,25,35,25,25,True
1964,30,36,36,36,True
1965,16,17,16,16,True
1966,29,42,29,29,True
1967,26,21,21,26,False
1968,34,14,14,14,True
1969,33,5,33,33,True
1970,6,0,0,0,True
1971,3,37,3,3,True
1972,19,39,19,39,False
1973,32,13,32,32,True
1974,15,24,15,15,True
1975,42,43,42,43,False
1976,33,14,33,33,True
1977,25,30,25,25,True
1978,17,37,37,17,False
1979,5,23,5,23,False
1980,34,31,31,34,False
1981,36,35,36,35,False
1982,3,11,3,3,True
1983,13,33,33,13,False
1984,26,6,6,6,True
1985,36,29,29,36,False
1986,32,0,0,32,False
1987,15,16,15,16,False
1988,21,25,21,21,True
1989,41,31,41,31,False
1990,39,2,39,39,True
1991,5,34,5,34,False
1992,19,24,19,24,False
1993,14,37,14,37,False
1994,17,35,17,17,True
1995,32,31,32,32,True
1996,41,30,41,41,True
1997,26,36,36,26,False
1998,21,6,21,21,True
1999,42,3,42,42,True
2000,11,23,23,11,False
2001,2,43,2,2,True
2002,29,13,29,13,False
2003,25,39,39,25,False
2004,16,34,16,16,True
2005,0,35,0,0,True
2006,17,19,19,17,False
2007,14,15,14,14,True
2008,24,30,24,30,False
2009,3,13,13,3,False
2010,37,43,37,37,True
2011,29,19,29,19,False
2012,25,14,14,14,True
2013,26,33,33,33,True
2014,41,21,41,21,False
2015,11,32,32,32,True
2016,5,36,5,36,False
2017,39,6,39,39,True
2018,16,23,16,16,True
2019,0,13,0,0,True
2020,42,35,42,42,True
2021,31,30,31,30,False
2022,11,3,3,3,True
2023,15,37,15,15,True
2024,2,34,2,2,True
2025,6,17,6,17,False
2026,21,32,32,21,False
2027,25,29,29,29,True
2028,14,39,14,39,False
2029,43,35,43,35,False
2030,41,26,41,41,True
2031,33,36,33,36,False
2032,26,23,23,23,True
2033,5,16,16,16,True
2034,31,41,31,31,True
2035,42,11,42,42,True
2036,0,19,0,0,True
2037,13,34,13,13,True
2038,37,24,37,37,True
2039,6,2,2,2,True
2040,14,30,14,14,True
2041,33,17,33,33,True
2042,16,39,16,16,True
2043,15,5,15,15,True
2044,21,29,21,29,False
2045,32,43,32,32,True
2046,26,13,13,26,False
2047,2,39,2,2,True
2048,25,43,25,25,True
2049,11,31,31,31,True
2050,42,19,19,19,True
2051,37,41,37,37,True
2052,23,16,16,23,False
2053,33,13,33,33,True
2054,35,34,35,35,True
2055,29,3,29,3,False
2056,21,30,21,30,False
2057,14,42,14,14,True
2058,36,0,0,36,False
2059,32,24,32,32,True
2060,5,15,15,5,False
2061,15,31,15,15,True
2062,24,17,17,24,False
2063,37,25,37,37,True
2064,3,6,3,3,True
2065,43,11,11,43,False
2066,19,35,19,19,True
2067,34,39,39,34,False
2068,26,41,41,41,True
2069,13,2,13,13,True
2070,23,33,33,23,False
2071,14,32,32,32,True
2072,5,25,5,5,True
2073,42,16,16,42,False
2074,33,3,33,33,True
2075,43,36,36,36,True
2076,41,37,41,41,True
2077,39,31,39,39,True
2078,19,26,19,19,True
2079,30,0,0,0,True
2080,16,21,16,21,False
2081,2,35,2,2,True
2082,34,17,34,17,False
2083,30,11,30,11,False
2084,24,23,23,23,True
2085,29,6,29,29,True
2086,14,36,14,36,False
2087,13,21,13,13,True
2088,37,39,37,37,True
2089,42,0,0,42,False
2090,15,32,32,32,True
2091,5,31,31,5,False
2092,16,17,16,17,False
2093,35,26,35,26,False
2094,34,2,2,2,True
2095,19,3,19,19,True
2096,43,41,41,41,True
2097,33,25,33,33,True
2098,5,3,3,5,False
2099,31,24,31,24,False
2100,37,23,37,23,False
2101,29,11,29,29,True
2102,21,36,21,36,False
2103,30,6,6,30,False
2104,42,41,42,42,True
2105,35,2,2,2,True
2106,33,19,33,33,True
2107,34,32,32,32,True
2108,39,23,39,39,True
2109,26,25,26,26,True
2110,0,16,0,16,False
2111,17,43,17,17,True
2112,24,15,15,24,False
2113,15,13,15,15,True
2114,43,14,14,14,True
2115,25,36,36,36,True
2116,5,34,5,5,True
2117,31,32,32,32,True
2118,3,41,3,3,True
2119,17,16,16,17,False
2120,24,26,24,24,True
2121,33,35,33,33,True
2122,0,11,0,0,True
2123,23,19,23,19,False
2124,30,3,3,3,True
2125,31,2,31,31,True
2126,6,13,13,6,False
2127,19,37,19,37,False
2128,5,29,29,29,True
2129,39,21,39,39,True
2130,36,41,36,36,True
2131,26,15,15,15,True
2132,32,42,32,32,True
2133,0,14,0,0,True
2134,43,42,42,42,True
2135,39,29,39,39,True
2136,11,17,11,11,True
2137,34,21,21,21,True
2138,6,23,23,23,True
2139,24,2,2,2,True
2140,32,11,32,32,True
2141,26,5,5,26,False
2142,19,15,19,15,False
2143,3,36,3,36,False
2144,16,25,16,16,True
2145,41,33,33,33,True
2146,37,35,37,37,True
2147,13,30,13,13,True
2148,39,35,39,39,True
2149,5,21,5,21,False
2150,0,43,0,0,True
2151,34,29,29,29,True
2152,6,24,6,6,True
2153,36,14,36,36,True
2154,13,32,32,32,True
2155,33,31,33,33,True
2156,16,15,16,15,False
2157,2,26,2,2,True
2158,11,30,11,30,False
2159,42,14,42,42,True
2160,5,26,5,5,True
2161,34,37,37,37,True
2162,21,17,21,21,True
2163,32,30,32,32,True
2164,25,16,16,16,True
2165,3,0,0,3,False
2166,24,41,41,41,True
2167,6,33,33,33,True
2168,19,29,19,29,False
2169,36,43,36,36,True
2170,39,31,39,39,True
2171,35,23,23,23,True
2172,2,42,2,42,False
2173,13,17,13,13,True
2174,41,34,41,41,True
2175,0,29,0,0,True
2176,6,39,39,39,True
2177,24,35,24,35,False
2178,15,23,15,23,False
2179,30,16,16,16,True
2180,21,31,21,21,True
2181,33,2,33,2,False
2182,42,14,42,42,True
2183,36,3,36,3,False
2184,23,41,23,41,False
2185,5,19,19,19,True
2186,17,11,17,17,True
2187,43,29,29,29,True
2188,37,26,37,37,True
2189,25,15,15,15,True
2190,32,13,32,32,True
2191,39,24,39,39,True
2192,31,25,31,31,True
2193,0,16,0,0,True
2194,30,17,17,17,True
2195,36,11,36,36,True
2196,35,19,19,19,True
2197,13,6,13,13,True
2198,43,3,3,3,True
2199,15,14,15,14,False
2200,41,5,41,41,True
2201,23,39,23,23,True
2202,2,21,2,21,False
2203,42,32,32,32,True
2204,11,37,37,11,False
2205,34,6,6,34,False
2206,19,25,19,19,True
2207,36,32,32,32,True
2208,16,24,16,16,True
2209,30,13,13,13,True
2210,35,0,0,0,True
2211,33,5,33,33,True
2212,26,17,17,17,True
2213,21,43,21,21,True
2214,15,34,15,15,True
2215,42,29,42,29,False
2216,31,39,31,31,True
2217,3,30,3,3,True
2218,2,23,2,23,False
2219,41,6,41,41,True
2220,19,41,19,19,True
2221,26,37,37,26,False
2222,25,43,25,43,False
2223,5,2,2,5,False
2224,29,32,32,32,True
2225,14,21,14,21,False
2226,23,0,0,0,True
2227,24,33,33,33,True
2228,11,16,16,16,True
2229,31,17,31,17,False
2230,3,13,3,3,True
2231,15,39,15,39,False
2232,30,34,30,30,True
2233,25,42,42,42,True
2234,29,35,29,29,True
2235,43,16,16,16,True
2236,24,5,5,24,False
2237,2,37,2,37,False
2238,23,33,33,33,True
2239,26,0,0,0,True
2240,39,41,39,39,True
2241,6,11,6,6,True
2242,36,13,36,36,True
2243,14,17,14,17,False
2244,32,19,32,32,True
2245,24,25,24,24,True
2246,30,36,36,36,True
2247,31,5,31,31,True
2248,3,16,3,3,True
2249,15,42,15,42,False
2250,11,21,21,21,True
2251,29,34,29,29,True
2252,2,39,39,2,False
2253,33,41,33,33,True
2254,26,43,26,26,True
2255,30,35,30,30,True
2256,23,37,23,37,False
2257,31,43,31,31,True
2258,6,19,19,19,True
2259,15,5,15,15,True
2260,17,3,3,3,True
2261,36,24,36,36,True
2262,14,25,14,14,True
2263,37,2,37,37,True
2264,16,32,32,32,True
2265,33,26,33,33,True
2266,0,34,0,0,True
2267,29,21,29,21,False
2268,11,42,42,11,False
2269,23,31,23,23,True
2270,41,39,39,39,True
2271,3,35,3,3,True
2272,17,24,17,17,True
2273,30,21,21,21,True
2274,6,25,6,6,True
2275,37,36,37,36,False
2276,42,15,42,15,False
2277,2,32,32,32,True
2278,5,33,33,33,True
2279,0,14,0,0,True
2280,41,34,41,34,False
2281,16,43,16,16,True
2282,31,39,39,31,False
2283,13,19,13,19,False
2284,29,15,29,29,True
2285,3,0,0,3,False
2286,42,17,42,42,True
2287,25,36,36,36,True
2288,30,24,30,30,True
2289,21,23,21,23,False
2290,37,26,37,37,True
2291,5,6,5,5,True
2292,33,32,32,33,False
2293,2,35,2,2,True
2294,41,43,41,41,True
2295,11,25,11,11,True
2296,29,24,29,29,True
2297,31,23,23,31,False
2298,16,14,16,16,True
2299,26,6,26,6,False
2300,35,33,33,33,True
2301,42,30,42,42,True
2302,34,39,39,39,True
2303,13,0,0,13,False
2304,11,32,32,32,True
2305,21,36,21,36,False
2306,17,15,17,17,True
2307,19,37,19,37,False
2308,32,14,32,32,True
2309,16,30,16,16,True
2310,3,31,3,3,True
2311,25,2,2,2,True
2312,43,15,15,15,True
2313,34,33,33,33,True
2314,6,29,29,29,True
2315,21,41,21,21,True
2316,35,11,35,11,False
2317,39,37,39,37,False
2318,14,24,14,14,True
2319,17,42,17,17,True
2320,26,16,16,16,True
2321,23,13,23,13,False
2322,36,5,36,36,True
2323,0,17,0,0,True
2324,30,31,31,30,False
2325,24,2,2,24,False
2326,19,23,19,23,False
2327,32,29,32,32,True
2328,14,21,14,14,True
2329,25,6,6,6,True
2330,42,5,42,42,True
2331,3,15,3,3,True
2332,26,41,41,41,True
2333,36,43,36,36,True
2334,35,39,39,39,True
2335,37,33,33,33,True
2336,24,19,19,19,True
2337,33,11,33,33,True
2338,17,31,17,31,False
2339,39,34,39,39,True
2340,0,30,0,30,False
2341,16,29,16,16,True
2342,23,37,23,23,True
2343,43,0,0,0,True
2344,34,11,11,34,False
2345,2,26,2,2,True
2346,3,5,3,3,True
2347,35,41,41,35,False
2348,25,42,42,25,False
2349,21,32,32,32,True
2350,6,15,15,15,True
2351,14,13,14,14,True
2352,36,30,36,36,True
2353,33,16,33,16,False
2354,13,32,32,32,True
2355,29,3,3,3,True
2356,21,19,21,21,True
2357,35,6,35,35,True
2358,31,42,31,31,True
2359,39,41,39,39,True
2360,30,5,30,5,False
2361,34,25,34,34,True
2362,37,17,37,37,True
2363,14,0,0,14,False
2364,15,2,15,15,True
2365,21,11,21,21,True
2366,3,32,32,32,True
2367,43,5,5,5,True
2368,24,33,33,33,True
2369,36,26,36,26,False
2370,19,16,19,19,True
2371,13,29,13,13,True
2372,31,35,31,31,True
2373,21,37,21,21,True
2374,6,42,42,42,True
2375,2,29,2,29,False
2376,14,23,14,14,True
2377,34,41,41,41,True
2378,39,25,39,39,True
2379,15,33,33,15,False
2380,41,25,41,41,True
2381,11,36,36,36,True
2382,21,17,21,21,True
2383,24,39,39,39,True
2384,30,26,30,30,True
2385,32,5,32,32,True
2386,35,13,13,13,True
2387,16,31,16,16,True
2388,15,43,15,15,True
2389,33,34,33,33,True
2390,14,36,14,14,True
2391,37,29,37,37,True
2392,3,19,3,19,False
2393,0,26,0,0,True
2394,23,42,23,42,False
2395,6,2,2,2,True
2396,25,17,17,17,True
2397,5,6,5,5,True
2398,11,41,41,41,True
2399,24,43,24,24,True
2400,32,21,32,32,True
2401,39,13,39,39,True
2402,34,15,15,15,True
2403,30,19,19,19,True
2404,32,26,32,32,True
2405,0,36,0,36,False
2406,23,35,23,35,False
2407,33,29,33,29,False
2408,37,31,37,37,True
2409,2,14,14,2,False
2410,16,3,16,3,False
2411,13,25,13,25,False
2412,41,35,41,41,True
2413,5,17,5,5,True
2414,43,19,19,19,True
2415,39,42,39,39,True
2416,0,37,0,37,False
2417,31,15,31,31,True
2418,30,11,30,11,False
2419,29,2,29,29,True
2420,32,6,32,32,True
2421,21,3,3,3,True
2422,33,42,33,33,True
2423,23,14,23,23,True
2424,17,11,17,17,True
2425,43,29,29,29,True
2426,36,19,36,19,False
2427,13,26,13,13,True
2428,25,3,3,25,False
2429,39,35,39,39,True
2430,24,34,24,34,False
2431,41,15,15,15,True
2432,31,6,31,31,True
2433,14,16,14,14,True
2434,0,2,0,2,False
2435,5,23,23,5,False
2436,30,37,37,37,True
2437,16,42,16,42,False
2438,24,6,24,6,False
2439,32,43,32,32,True
2440,11,13,13,13,True
2441,36,25,36,36,True
2442,26,39,39,39,True
2443,17,2,17,2,False
2444,15,21,15,15,True
2445,3,29,3,3,True
2446,35,5,5,5,True
2447,30,0,0,0,True
2448,19,33,33,19,False
2449,31,34,31,34,False
2450,23,41,23,23,True
2451,42,2,42,42,True
2452,34,5,5,5,True
2453,41,39,39,39,True
2454,14,32,32,14,False
2455,29,37,29,37,False
2456,15,11,15,15,True
2457,26,24,26,26,True
2458,21,16,21,16,False
2459,13,36,36,36,True
2460,0,43,0,0,True
2461,17,30,17,30,False
2462,6,23,23,6,False
2463,3,25,3,3,True
2464,43,30,30,43,False
2465,35,24,35,24,False
2466,39,34,39,39,True
2467,32,23,32,32,True
2468,36,17,36,36,True
2469,15,33,33,15,False
2470,11,3,3,11,False
2471,6,41,41,6,False
2472,31,26,31,31,True
2473,2,19,19,2,False
2474,29,14,29,29,True
2475,16,0,16,0,False
2476,42,37,42,42,True
2477,24,11,11,24,False
2478,17,14,14,17,False
2479,5,39,39,39,True
2480,33,19,33,33,True
2481,26,31,31,31,True
2482,21,25,21,21,True
2483,37,0,37,37,True
2484,15,23,15,15,True
2485,2,34,2,34,False
2486,42,13,42,42,True
2487,32,3,32,32,True
2488,36,29,36,36,True
2489,25,30,25,30,False
2490,35,31,31,35,False
2491,5,11,5,5,True
2492,19,6,19,19,True
2493,33,37,33,33,True
2494,23,26,23,26,False
2495,24,41,41,41,True
2496,39,15,39,39,True
2497,43,21,21,21,True
2498,17,13,17,13,False
2499,14,3,14,14,True
2500,29,42,29,42,False
2501,0,21,0,21,False
2502,32,16,32,16,False
2503,35,2,2,2,True
2504,6,34,6,34,False
2505,39,11,39,39,True
2506,41,37,37,37,True
2507,25,5,5,25,False
2508,19,26,19,26,False
2509,33,24,33,33,True
2510,43,0,0,0,True
2511,17,36,36,36,True
2512,42,3,42,42,True
2513,31,16,16,16,True
2514,2,24,2,2,True
2515,29,21,29,21,False
2516,14,30,14,14,True
2517,13,25,13,13,True
2518,35,15,15,15,True
2519,34,6,34,34,True
2520,5,33,33,33,True
2521,11,43,11,43,False
2522,37,41,37,41,False
2523,26,39,39,39,True
2524,36,0,36,36,True
2525,17,32,32,32,True
2526,23,19,19,23,False
2527,19,34,19,19,True
2528,21,14,21,21,True
2529,16,25,16,16,True
2530,39,2,39,39,True
2531,29,17,29,17,False
2532,3,36,36,3,False
2533,13,42,13,13,True
2534,24,23,23,24,False
2535,31,33,33,31,False
2536,15,35,15,35,False
2537,6,5,5,5,True
2538,30,32,32,30,False
2539,33,23,33,33,True
2540,3,21,3,21,False
2541,39,31,39,39,True
2542,0,14,0,0,True
2543,16,36,16,16,True
2544,32,13,32,32,True
2545,15,37,15,37,False
2546,19,2,19,19,True
2547,0,14,0,0,True
2548,39,31,39,31,False
2549,33,23,33,33,True
2550,19,2,19,19,True
2551,3,21,3,21,False
2552,32,13,32,32,True
2553,15,37,15,15,True
2554,16,36,16,36,False
2555,21,3,21,21,True
2556,14,0,0,0,True
2557,31,39,39,39,True
2558,2,19,19,2,False
2559,37,15,37,37,True
2560,23,33,33,23,False
2561,36,16,36,36,True
2562,13,32,32,13,False
2563,21,3,21,21,True
2564,31,39,39,39,True
2565,14,0,0,14,False
2566,2,19,19,2,False
2567,37,15,37,15,False
2568,23,33,33,23,False
2569,36,16,36,36,True
2570,13,32,32,32,True
2571,19,2,19,19,True
2572,0,14,0,0,True
2573,39,31,39,39,True
2574,15,37,15,15,True
2575,32,13,32,32,True
2576,16,36,36,16,False
2577,33,23,33,33,True
2578,2,19,19,2,False
2579,23,33,33,33,True
2580,36,16,36,36,True
2581,37,15,37,37,True
2582,0,21,0,0,True
2583,19,2,19,19,True
2584,15,37,15,15,True
2585,32,36,32,32,True
2586,19,39,39,19,False
2587,33,15,33,15,False
2588,0,21,0,0,True
2589,32,36,32,36,False
2590,33,15,33,15,False
2591,19,39,39,19,False
2592,21,0,21,21,True
2593,36,32,36,32,False
2594,39,19,39,19,False
2595,15,33,15,15,True
2596,36,32,32,32,True
2597,21,0,21,0,False
2598,15,33,15,15,True
2599,39,19,39,39,True
2600,0,21,0,0,True
2601,32,36,32,32,True
2602,19,39,19,19,True
2603,19,15,19,19,True
2604,32,0,32,0,False
2605,19,15,19,19,True
2606,32,0,32,32,True
2607,15,19,15,15,True
2608,0,32,32,0,False
2609,15,19,15,15,True
2610,0,32,0,32,False
2611,19,15,19,19,True
2612,32,0,32,32,True
2613,15,19,15,15,True
2614,0,32,32,0,False
2615,19,15,19,15,False
2616,32,0,32,0,False
2617,0,15,0,0,True
2618,0,15,0,0,True
2619,15,0,0,0,True
2620,15,0,0,0,True
